MONTANT,FREQUENCE_RECH,REVENUE,ARPU_SEGMENT,FREQUENCE,DATA_VOLUME,ON_NET,ORANGE,TIGO,ZONE1,ZONE2,REGULARITY,FREQ_TOP_PACK,tenure,Churn,Probability
5529.210895,11.523756,5506.050798,1835.355961,13.974439,3368.801722,277.065798,95.160804,23.105018,8.167483,7.709844,28.044496,9.262446,K > 24 month,Not Churn,0.13801712513484357
20.0,1.0,1.0,1.0,1.0,1.0,1.0,1.0,1.0,1.0,1.0,1.0,1.0,G 12-15 month,Not Churn,0.2
5529.210895,11.523756,5506.050798,1835.355961,13.974439,3368.801722,277.065798,95.160804,23.105018,8.167483,7.709844,28.044496,9.262446,K > 24 month,Not Churn,0.12367588932806324
470000.0,131.0,532177.0,1835.355961,13.974439,1702309.0,277.065798,95.160804,4174.0,8.167483,7.709844,62.0,9.262446,K > 24 month,Not Churn,0.22
20.0,1.0,3.0,5.0,13.974439,3368.801722,277.065798,95.160804,23.105018,8.167483,7.709844,28.044496,9.262446,K > 24 month,Not Churn,0.09
