iter	Logloss
0	0.5083640343
1	0.4459363456
2	0.4182724308
3	0.4058634792
4	0.3994232872
5	0.3963861348
6	0.3948936581
7	0.3935405247
8	0.3930181261
9	0.3924674208
