iter	Logloss
0	0.5087407846
1	0.4456143241
2	0.4188899254
3	0.4060042888
4	0.4001652618
5	0.3968258694
6	0.395660218
7	0.3943455692
8	0.3937787614
9	0.3932013815
