iter	Logloss
0	0.4608632657
1	0.3776436033
2	0.3385190216
3	0.319475366
4	0.3090138076
5	0.3035160834
6	0.3004095282
7	0.2988923998
8	0.2978599897
9	0.2972984527
