iter	Logloss
0	0.5083537576
1	0.445919511
2	0.4182715817
3	0.4058485833
4	0.399443672
5	0.3963793082
6	0.3949018376
7	0.3935311342
8	0.3929984449
9	0.3924428035
